"","paper_title","journal","doi","Altmetric.score","policy","patent","feeds","news","posts","twitter","wiki","videos","accounts","fb","rh","rdts","googlep"
"1",NA,NA,NA,0,0,0,0,0,0,0,0,0,0,0,0,0,0
"2","Rebuilding relationships on coral reefs: Coral bleaching knowledge-sharing to aid adaptation planning for reef users","BioEssays","10.1002/bies.202100048",17.6,0,0,0,0,33,26,0,1,27,0,0,0,0
"3","The Other Microeukaryotes of the Coral Reef Microbiome","Trends in Microbiology","10.1016/j.tim.2017.06.007",36.58,0,0,1,0,66,56,0,0,57,0,0,0,0
"4","A review of interventions proposed to abate impacts of ocean acidification on coral reefs","Regional Studies in Marine Science","10.1016/j.rsma.2019.100612",5.08,0,0,1,0,1,0,0,0,1,0,0,0,0
"5","Relationship between historical sea-surface temperature variability and climate change-induced coral mortality in the western Indian Ocean","Marine Pollution Bulletin","10.1016/j.marpolbul.2010.03.033",3,1,0,0,0,1,0,0,0,1,0,0,0,0
"6","Acanthaster planci is a major cause of coral mortality in Indonesia","Coral Reefs","10.1007/s00338-013-1025-1",5.016,0,0,1,0,1,0,0,0,1,0,0,0,0
"7","Coral adaptation to climate change: Meta-analysis reveals high heritability across multiple traits","Global Change Biology","10.1111/gcb.15829",70.15,0,0,1,4,66,44,0,0,51,2,0,0,0
"8","Climate change and coral reef bleaching: An ecological assessment of long-term impacts, recovery trends and future outlook","Estuarine Coastal & Shelf Science","10.1016/j.ecss.2008.09.003",179.042,6,0,6,15,44,5,6,1,39,0,0,0,0
"9","Evidence for multiple stressor interactions and effects on coral reefs","Global Change Biology","10.1111/gcb.12453",27.116,1,0,2,0,28,18,0,0,23,2,0,0,0
"10","Effects of solar ultraviolet radiation on coral reef organisms","Photochemical & Photobiological Sciences","10.1039/b902763g",40.5,0,0,0,5,6,1,0,0,6,0,0,0,0
"11","Unseen players shape benthic competition on coral reefs","Trends in Microbiology","10.1016/j.tim.2012.08.004",4.25,1,0,0,0,6,4,0,0,5,0,0,0,0
"12",NA,NA,NA,0,0,0,0,0,0,0,0,0,0,0,0,0,0
"13",NA,NA,NA,0,0,0,0,0,0,0,0,0,0,0,0,0,0
"14","Evidence of Large-Scale Chronic Eutrophication in the Great Barrier Reef: Quantification of Chlorophyll a Thresholds for Sustaining Coral Reef Communities","Ambio: A Journal of the Human Environment","10.1007/s13280-013-0443-1",7,1,0,0,0,8,4,0,0,5,0,0,0,0
"15","Coral Reefs of Abu Dhabi, United Arab Emirates: Analysis of Management Approaches in Light of International Best Practices and a Changing Climate","Frontiers in Marine Science","10.3389/fmars.2020.00541",2.1,0,0,0,0,5,5,0,0,5,0,0,0,0
"16","Probiotics for corals","Microbiology Australia","10.1071/ma20025",2,0,0,0,0,3,3,0,0,3,0,0,0,0
"17","Why Do Corals Bleach? Conflict and Conflict Mediation in a Host/Symbiont Community","BioEssays","10.1002/bies.201800021",1.75,0,0,0,0,5,5,0,0,5,0,0,0,0
"18","Defining Coral Bleaching as a Microbial Dysbiosis within the Coral Holobiont","Microorganisms","10.3390/microorganisms8111682",10.33,0,0,1,0,7,6,0,0,7,0,0,0,0
"19","Assessing the ‘deep reef refugia’ hypothesis: focus on Caribbean reefs","Coral Reefs","10.1007/s00338-009-0581-x",39.08,3,0,1,3,10,0,3,0,10,0,0,0,0
"20","Coral restoration – A systematic review of current methods, successes, failures and future directions","PLOS ONE","10.1371/journal.pone.0226631",253.24,0,0,4,11,251,209,1,0,229,2,1,1,0
"21","Microbial disease and the coral holobiont","Trends in Microbiology","10.1016/j.tim.2009.09.004",8.632,1,0,1,0,2,0,0,0,2,0,0,0,0
"22","Cumulative impacts across Australia’s Great Barrier Reef: a mechanistic evaluation","Ecological Monographs","10.1002/ecm.1494",3.35,0,0,0,0,6,6,0,0,6,0,0,0,0
"23","Development and implementation of coral reef biocriteria in U.S. jurisdictions","Environmental Monitoring & Assessment","10.1007/s10661-008-0670-2",3,1,0,0,0,1,0,0,0,1,0,0,0,0
"24","A critical review of environmental management of the ‘not so Great’ Barrier Reef","Estuarine Coastal & Shelf Science","10.1016/j.ecss.2012.03.012",25.804,0,0,1,2,6,2,0,0,5,0,0,0,0
"25","Coral bleaching: causes and consequences","Coral Reefs","10.1007/s003380050249",17.85,0,0,2,0,8,3,2,0,8,1,0,0,0
"26","Climate Change, Coral Loss, and the Curious Case of the Parrotfish Paradigm: Why Don't Marine Protected Areas Improve Reef Resilience?","Annual Review of Marine Science","10.1146/annurev-marine-010318-095300",15.75,0,0,0,0,32,26,0,0,27,1,0,0,0
"27","Climate Change Influences on Marine Infectious Diseases: Implications for Management and Society","Annual Review of Marine Science","10.1146/annurev-marine-010213-135029",71.046,3,0,3,4,25,10,1,0,21,0,0,0,0
"28","The growth of coral reef science in the Gulf: A historical perspective","Marine Pollution Bulletin","10.1016/j.marpolbul.2013.05.016",3.25,1,0,0,0,2,1,0,0,2,0,0,0,0
"29","Do reef corals age?","Biological Reviews","10.1111/brv.12391",21,0,0,0,2,7,3,1,0,7,1,0,0,0
"30","Biology and ecology of coral mucus release","Journal of Experimental Marine Biology & Ecology","10.1016/j.jembe.2011.07.028",22.58,0,0,1,2,4,1,0,0,4,0,0,0,0
"31","The Future of Coral Reefs Subject to Rapid Climate Change: Lessons from Natural Extreme Environments","Frontiers in Marine Science","10.3389/fmars.2018.00004",70.272,1,0,1,0,137,101,0,0,105,2,0,0,0
"32","Thermal Stress and Resilience of Corals in a Climate-Changing World","Journal of Marine Science and Engineering","10.3390/jmse8010015",1.5,0,0,0,0,2,2,0,0,2,0,0,0,0
"33","Land Use Impacts on Coral Reef Health: A Ridge-to-Reef Perspective","Frontiers in Marine Science","10.3389/fmars.2019.00562",26.6,0,0,0,0,49,42,0,0,44,2,0,0,0
"34",NA,NA,NA,0,0,0,0,0,0,0,0,0,0,0,0,0,0
"35",NA,NA,NA,0,0,0,0,0,0,0,0,0,0,0,0,0,0
"36","Sensitivity of coral calcification to ocean acidification: a meta-analysis","Global Change Biology","10.1111/gcb.12011",51.338,1,0,2,4,14,7,0,0,14,0,0,0,0
"37",NA,NA,NA,0,0,0,0,0,0,0,0,0,0,0,0,0,0
"38","Translating resilience-based management theory to practice for coral bleaching recovery in Hawai‘i","Marine Policy","10.1016/j.marpol.2018.10.013",8.5,0,0,0,0,14,12,0,0,12,0,0,0,0
"39","Global patterns and impacts of El Niño events on coral reefs: A meta-analysis","PLOS ONE","10.1371/journal.pone.0190957",64.53,1,0,2,5,27,13,0,0,21,0,0,0,0
"40","Thermal tolerances of reef corals in the Gulf: A review of the potential for increasing coral survival and adaptation to climate change through assisted translocation","Marine Pollution Bulletin","10.1016/j.marpolbul.2012.09.006",3.25,1,0,0,0,2,1,0,0,2,0,0,0,0
"41",NA,NA,NA,0,0,0,0,0,0,0,0,0,0,0,0,0,0
"42","Bioindicators of changes in water quality on coral reefs: review and recommendations for monitoring programmes","Coral Reefs","10.1007/s00338-009-0512-x",8.016,0,0,1,0,2,1,0,0,2,0,0,0,0
"43","Global declines in coral reef calcium carbonate production under ocean acidification and warming","Proceedings of the National Academy of Sciences of the United States of America","10.1073/pnas.2015265118",596.15,0,0,5,59,304,174,0,0,243,3,0,2,0
"44","Coral Ecosystem Resilience, Conservation and Management on the Reefs of Jamaica in the Face of Anthropogenic Activities and Climate Change","Diversity","10.3390/d2060881",0.25,0,0,0,0,1,1,0,0,1,0,0,0,0
"45","Modelling effects of geoengineering options in response to climate change and global warming: Implications for coral reefs","Computational Biology & Chemistry","10.1016/j.compbiolchem.2009.09.004",1,0,0,0,0,1,0,0,0,1,0,0,0,1
"46","Climate change and tropical marine agriculture","Journal of Experimental Botany","10.1093/jxb/erp004",3,1,0,0,0,1,0,0,0,1,0,0,0,0
"47","Climate change, global warming and coral reefs: Modelling the effects of temperature","Computational Biology & Chemistry","10.1016/j.compbiolchem.2008.04.001",13,0,0,0,1,2,1,0,0,2,0,0,0,0
"48","Similarities and Differences Between Two Deadly Caribbean Coral Diseases: White Plague and Stony Coral Tissue Loss Disease","Frontiers in Marine Science","10.3389/fmars.2021.709544",3.35,0,0,0,0,8,8,0,0,8,0,0,0,0
"49","What is the role of zooxanthellae during coral bleaching? Review of zooxanthellae and their response to environmental stress","South African Journal of Science","10.17159/sajs.2021/8369",0.75,0,0,0,0,2,1,0,0,2,1,0,0,0
"50","The past, present, and future of coral heat stress studies","Ecology and Evolution","10.1002/ece3.5576",37.8,0,0,0,0,61,59,0,0,59,0,0,0,0
"51",NA,NA,NA,0,0,0,0,0,0,0,0,0,0,0,0,0,0
"52",NA,NA,NA,0,0,0,0,0,0,0,0,0,0,0,0,0,0
"53","The Future of Reef Ecosystems in the Gulf of Mexico: Insights From Coupled Climate Model Simulations and Ancient Hot-House Reefs","Frontiers in Marine Science","10.3389/fmars.2019.00691",149.482,0,0,3,11,104,80,0,0,95,1,0,0,0
"54","Experimental Techniques to Assess Coral Physiology in situ Under Global and Local Stressors: Current Approaches and Novel Insights","Frontiers in Physiology","10.3389/fphys.2021.656562",15.822,0,0,1,0,17,13,0,0,14,0,0,0,0
"55",NA,NA,NA,0,0,0,0,0,0,0,0,0,0,0,0,0,0
"56","A new, high-resolution global mass coral bleaching database","PLOS ONE","10.1371/journal.pone.0175490",89.13,1,0,2,5,79,57,0,0,70,5,0,0,0
"57","Coral bleaching––how and why?","Marine Pollution Bulletin","10.1016/s0025-326x(03)00037-7",15.032,1,0,1,0,7,2,2,0,6,0,0,0,0
"58",NA,NA,NA,0,0,0,0,0,0,0,0,0,0,0,0,0,0
"59",NA,NA,NA,0,0,0,0,0,0,0,0,0,0,0,0,0,0
"60","Synergies between local and climate-driven impacts on coral reefs in the Tropical Pacific: A review of issues and adaptation opportunities","Marine Pollution Bulletin","10.1016/j.marpolbul.2020.111922",0.5,0,0,0,0,1,1,0,0,1,0,0,0,0
"61","Environmental impacts of dredging and other sediment disturbances on corals: A review","Marine Pollution Bulletin","10.1016/j.marpolbul.2012.05.008",122.05,5,0,0,12,41,19,3,0,39,0,0,0,0
"62",NA,NA,NA,0,0,0,0,0,0,0,0,0,0,0,0,0,0
"63","The Occurrence of Mixed Infections ofSymbiodinium(Dinoflagellata) within Individual Hosts","Journal of Phycology","10.1111/j.1529-8817.2012.01220.x",0.5,0,0,0,0,1,1,0,0,1,0,0,0,0
"64","Coral bleaching: interpretation of thermal tolerance limits and thermal thresholds in tropical corals","Coral Reefs","10.1007/s003380100146",6,1,0,0,0,3,0,2,0,3,0,0,0,0
"65","New directions in coral reef microbial ecology","Environmental Microbiology","10.1111/j.1462-2920.2011.02597.x",1,0,0,0,0,2,2,0,0,2,0,0,0,0
"66","Establishing microbial baselines to identify indicators of coral reef health","Microbiology Australia","10.1071/ma18011",1,0,0,0,0,2,2,0,0,2,0,0,0,0
"67",NA,NA,NA,0,0,0,0,0,0,0,0,0,0,0,0,0,0
"68","The coral conservation crisis: interacting local and global stressors reduce reef resiliency and create challenges for conservation solutions","SN Applied Sciences","10.1007/s42452-021-04319-8",23.802,0,0,2,0,19,14,1,0,17,0,0,0,0
"69","Conceptualization of the Holobiont Paradigm as It Pertains to Corals","Frontiers in Physiology","10.3389/fphys.2020.566968",0.5,0,0,0,0,2,2,0,0,2,0,0,0,0
"70","Coral reef recovery dynamics in a changing world","Coral Reefs","10.1007/s00338-010-0717-z",1.5,0,0,0,0,4,1,0,0,2,0,1,0,0
"71","The significance of coral disease epizootiology for coral reef conservation","Biological Conservation","10.1016/s0006-3207(00)00073-2",3,1,0,0,0,1,0,0,0,1,0,0,0,0
"72","Increasing comparability among coral bleaching experiments","Ecological Applications","10.1002/eap.2262",135.014,0,0,2,11,89,72,0,0,85,0,0,0,0
"73","Review: Sediment-Related Controls on the Health of the Great Barrier Reef","Vadose Zone Journal","10.2136/vzj2017.05.0115",0.25,0,0,0,0,1,0,0,1,1,0,0,0,0
"74",NA,NA,NA,0,0,0,0,0,0,0,0,0,0,0,0,0,0
"75",NA,NA,NA,0,0,0,0,0,0,0,0,0,0,0,0,0,0
"76",NA,NA,NA,0,0,0,0,0,0,0,0,0,0,0,0,0,0
"77","Defining the Core Microbiome in Corals’ Microbial Soup","Trends in Microbiology","10.1016/j.tim.2016.11.003",72.18,0,0,1,0,189,106,2,0,111,2,0,0,0
"78","Between a Reef and a Hard Place: Capacity to Map the Next Coral Reef Catastrophe","Frontiers in Marine Science","10.3389/fmars.2020.544290",18.7,0,0,0,0,43,33,0,0,33,0,0,0,0
"79","A systematic review of artificial reefs as platforms for coral reef research and conservation","PLOS ONE","10.1371/journal.pone.0261964",4.65,0,0,0,0,7,7,0,0,7,0,0,0,0
"80","Effective conservation behaviours for protecting marine environments: the views of the experts","Journal of Sustainable Tourism","10.1080/09669582.2020.1741597",0.5,0,0,0,0,2,1,0,0,1,0,0,0,0
"81",NA,NA,NA,0,0,0,0,0,0,0,0,0,0,0,0,0,0
"82",NA,NA,NA,0,0,0,0,0,0,0,0,0,0,0,0,0,0
"83","Microplastics in the coral reefs and their potential impacts on corals: A mini-review","Science of the Total Environment","10.1016/j.scitotenv.2020.143112",1,0,0,0,0,1,0,0,0,1,0,1,0,0
"84","Climate Change, Human Impacts, and the Resilience of Coral Reefs","Science","10.1126/science.1085046",266.956,10,0,7,10,257,191,13,0,232,0,0,0,1
"85",NA,NA,NA,0,0,0,0,0,0,0,0,0,0,0,0,0,0
"86",NA,NA,NA,0,0,0,0,0,0,0,0,0,0,0,0,0,0
"87","Coral reefs as a source of climate-active aerosols","PeerJ","10.7717/peerj.10023",1,0,0,0,0,3,2,0,0,3,1,0,0,0
"88","Dimethylsulfide (DMS), marine biogenic aerosols and the ecophysiology of coral reefs","Biogeosciences","10.5194/bg-17-2181-2020",2,0,0,0,0,3,3,0,0,3,0,0,0,0
"89","How Symbiodiniaceae meets the challenges of life during coral bleaching","Coral Reefs","10.1007/s00338-021-02115-9",1.5,0,0,0,0,3,3,0,0,3,0,0,0,0
"90",NA,NA,NA,0,0,0,0,0,0,0,0,0,0,0,0,0,0
"91","Global gene expression patterns in Porites white patch syndrome: Disentangling symbiont loss from the thermal stress response in reef-building coral","Molecular Ecology","10.1111/mec.15608",18.85,0,0,0,0,32,30,0,0,30,0,0,0,0
"92","Coral Reef Resilience in Taiwan: Lessons from Long-Term Ecological Research on the Coral Reefs of Kenting National Park (Taiwan)","Journal of Marine Science and Engineering","10.3390/jmse7110388",4.2,0,0,0,0,7,6,0,0,6,0,0,0,0
"93","Projecting coral responses to intensifying marine heatwaves under ocean acidification","Global Change Biology","10.1111/gcb.15818",50.972,0,0,2,2,45,35,0,0,40,1,0,0,0
"94","The future of coral reefs in an age of global change","International Journal of Earth Sciences","10.1007/s005310000125",3,1,0,0,0,1,0,0,0,1,0,0,0,0
"95","The influence of resilience-based management on coral reef monitoring: A systematic review","PLOS ONE","10.1371/journal.pone.0172064",6.7,0,0,0,0,12,11,0,0,12,0,0,1,0
"96",NA,NA,NA,0,0,0,0,0,0,0,0,0,0,0,0,0,0
"97","Carbonate budgets as indicators of functional reef “health”: A critical review of data underpinning census-based methods and current knowledge gaps","Ecological Indicators","10.1016/j.ecolind.2019.105857",19.65,0,0,0,1,17,16,0,0,17,0,0,0,0
"98",NA,NA,NA,0,0,0,0,0,0,0,0,0,0,0,0,0,0
"99",NA,NA,NA,0,0,0,0,0,0,0,0,0,0,0,0,0,0
"100","Experimental biology of coral reef ecosystems","Journal of Experimental Marine Biology & Ecology","10.1016/j.jembe.2003.12.027",6,1,0,0,0,2,0,1,0,2,0,0,0,0
"101",NA,NA,NA,0,0,0,0,0,0,0,0,0,0,0,0,0,0
"102",NA,NA,NA,0,0,0,0,0,0,0,0,0,0,0,0,0,0
"103","Ecological solutions to reef degradation: optimizing coral reef restoration in the Caribbean and Western Atlantic","PeerJ","10.7717/peerj.2597",13.6,1,0,0,0,13,8,3,0,13,1,0,0,0
"104","Perspectives on Massive Coral Growth Rates in a Changing Ocean","The Biological Bulletin","10.1086/bblv226n3p187",1,0,0,0,0,2,2,0,0,2,0,0,0,0
"105","10th Anniversary Review: a changing climate for coral reefs","Journal of Environmental Monitoring","10.1039/b714627m",5.016,0,0,1,0,1,0,0,0,1,0,0,0,0
"106","Long-term change in coral cover and the effectiveness of marine protected areas in the Philippines: a meta-analysis","Hydrobiologia","10.1007/s10750-013-1720-5",3.7,0,0,0,0,6,5,0,0,5,0,0,0,0
"107","Intracellular Bacterial Symbionts in Corals: Challenges and Future Directions","Microorganisms","10.3390/microorganisms9112209",8.25,0,0,0,0,13,13,0,0,13,0,0,0,0
"108",NA,NA,NA,0,0,0,0,0,0,0,0,0,0,0,0,0,0
"109","Innate immunity and cnidarian-Symbiodiniaceae mutualism","Developmental & Comparative Immunology","10.1016/j.dci.2018.09.020",3.35,0,0,0,0,7,7,0,0,7,0,0,0,0
"110","Integrating physiology with remote sensing to advance the prediction of coral bleaching events","Remote Sensing of Environment","10.1016/j.rse.2020.111794",11,0,0,0,0,16,16,0,0,16,0,0,0,0
"111","Impacts of heat stress on soft corals, an overlooked and highly vulnerable component of coral reef ecosystems, at a central equatorial Pacific atoll","Biological Conservation","10.1016/j.biocon.2021.109328",14.4,0,0,0,0,23,22,0,0,22,0,0,0,0
"112",NA,NA,NA,0,0,0,0,0,0,0,0,0,0,0,0,0,0
"113","Western Indian Ocean coral communities: bleaching responses and susceptibility to extinction","Marine Ecology Progress Series","10.3354/meps337001",3,1,0,0,0,1,0,0,0,1,0,0,0,0
"114","A review of coral bleaching specimen collection, preservation, and laboratory processing methods","PeerJ","10.7717/peerj.11763",21.3,0,0,0,0,36,32,0,0,33,1,0,0,0
"115","Thirty years of coral heat-stress experiments: a review of methods","Coral Reefs","10.1007/s00338-020-01931-9",30.75,0,0,0,0,67,52,0,0,52,0,0,0,0
"116","Using resilience assessments to inform the management and conservation of coral reef ecosystems","Journal of Environmental Management","10.1016/j.jenvman.2020.111384",6.2,0,0,0,0,9,9,0,0,9,0,0,0,0
"117","The future of resilience-based management in coral reef ecosystems","Journal of Environmental Management","10.1016/j.jenvman.2018.11.034",40.53,2,0,1,0,51,45,0,0,48,0,0,0,0
"118","Coral–algal phase shifts on coral reefs: Ecological and environmental aspects","Progress in Oceanography","10.1016/j.pocean.2004.02.014",19.08,2,0,1,1,4,0,0,0,4,0,0,0,0
"119",NA,NA,NA,0,0,0,0,0,0,0,0,0,0,0,0,0,0
"120",NA,NA,NA,0,0,0,0,0,0,0,0,0,0,0,0,0,0
"121","A Critical Review of Organic Ultraviolet Filter Exposure, Hazard, and Risk to Corals","Environmental Toxicology & Chemistry","10.1002/etc.4948",55.05,0,0,0,4,44,31,0,0,35,0,0,0,0
"122","Systematic review and meta-analysis of 50 years of coral disease research visualized through the scope of network theory","PeerJ","10.7717/peerj.7041",20.3,0,0,0,0,43,28,0,0,29,1,0,0,0
"123","Research gaps of coral ecology in a changing world","Marine Environmental Research","10.1016/j.marenvres.2018.06.021",8.272,0,0,1,0,2,1,0,0,2,0,0,0,0
"124","Coral Disease Causes, Consequences, and Risk within Coral Restoration","Trends in Microbiology","10.1016/j.tim.2020.06.002",22.5,0,0,0,0,43,36,0,0,36,0,0,0,0
"125","Nutrient Availability and Metabolism Affect the Stability of Coral–Symbiodiniaceae Symbioses","Trends in Microbiology","10.1016/j.tim.2019.03.004",51.35,0,0,0,0,113,85,1,0,86,0,0,0,0
"126","Coral-Associated Bacterial Assemblages: Current Knowledge and the Potential for Climate-Driven Impacts","Integrative & Comparative Biology","10.1093/icb/icq061",2.1,0,0,0,0,3,2,0,0,3,1,0,0,0
"127","Herbivory versus corallivory: are parrotfish good or bad for Caribbean coral reefs?","Coral Reefs","10.1007/s00338-009-0501-0",3,1,0,0,0,2,0,0,0,1,0,0,0,0
"128","Remote sensing of coral reefs and their physical environment","Marine Pollution Bulletin","10.1016/j.marpolbul.2003.10.031",3,0,2,0,0,2,0,0,0,2,0,0,0,0
"129","The Role of Vibrios in Diseases of Corals","Microbiology Spectrum","10.1128/microbiolspec.ve-0006-2014",15.25,0,0,0,1,4,1,1,0,3,0,0,0,0
"130","Water quality thresholds for coastal contaminant impacts on corals: A systematic review and meta-analysis","Science of the Total Environment","10.1016/j.scitotenv.2021.148632",7.3,0,0,0,0,11,11,0,0,11,0,0,0,0
"131","Capturing the cornerstones of coral reef resilience: linking theory to practice","Coral Reefs","10.1007/s00338-008-0426-z",11.016,2,0,1,0,3,0,0,0,3,0,0,0,0
"132","Coral reef disturbance and resilience in a human-dominated environment","Trends in Ecology & Evolution","10.1016/s0169-5347(00)01948-0",11.232,2,0,1,0,3,0,0,0,3,0,0,0,0
"133",NA,NA,NA,0,0,0,0,0,0,0,0,0,0,0,0,0,0
"134","Incorporating Uncertainty in Predicting the Future Response of Coral Reefs to Climate Change","Annual Review of Ecology, Evolution & Systematics","10.1146/annurev-ecolsys-120213-091811",18.522,0,0,2,1,4,0,0,0,4,1,0,0,0
"135","Projecting Coral Reef Futures Under Global Warming and Ocean Acidification","Science","10.1126/science.1204794",85.858,2,0,5,3,47,25,3,0,39,0,1,0,0
"136","Molecular tools for coral reef restoration: Beyond biomarker discovery","Conservation Letters","10.1111/conl.12687",21.15,0,0,0,0,41,31,0,0,32,1,0,0,0
"137","Coral Probiotics: Premise, Promise, Prospects","Annual Review of Animal Biosciences","10.1146/annurev-animal-090120-115444",77.8,0,0,0,3,148,88,0,0,91,0,0,0,0
"138","Beneficial Microorganisms for Corals (BMC): Proposed Mechanisms for Coral Health and Resilience","Frontiers in Microbiology","10.3389/fmicb.2017.00341",81.06,0,0,2,1,143,95,2,0,103,3,0,0,0
"139","Multiple Stressors and Ecological Complexity Require a New Approach to Coral Reef Research","Frontiers in Marine Science","10.3389/fmars.2016.00036",77.044,1,0,2,7,33,14,3,0,30,3,0,0,0
"140","Novel tools integrating metabolic and gene function to study the impact of the environment on coral symbiosis","Frontiers in Microbiology","10.3389/fmicb.2014.00448",0.75,0,0,0,0,2,2,0,0,2,0,0,0,0
"141",NA,NA,NA,0,0,0,0,0,0,0,0,0,0,0,0,0,0
"142",NA,NA,NA,0,0,0,0,0,0,0,0,0,0,0,0,0,0
"143",NA,NA,NA,0,0,0,0,0,0,0,0,0,0,0,0,0,0
"144","The Urgent Need for Robust Coral Disease Diagnostics","PLoS Pathogens","10.1371/journal.ppat.1002183",1,0,0,0,0,1,1,0,0,1,0,0,0,0
"145",NA,NA,NA,0,0,0,0,0,0,0,0,0,0,0,0,0,0
"146","Coral reefs studies and threats in Malaysia: a mini review","Reviews in Environmental Science & Biotechnology","10.1007/s11157-011-9261-8",3.35,0,0,0,0,4,4,0,0,4,0,0,0,0
"147","Leveraging new knowledge of Symbiodinium community regulation in corals for conservation and reef restoration","Marine Ecology Progress Series","10.3354/meps12652",11.8,0,0,0,0,21,15,1,0,17,1,0,0,0
"148","Beneath the surface: community assembly and functions of the coral skeleton microbiome","Microbiome","10.1186/s40168-019-0762-y",9.95,0,0,0,0,22,19,0,0,19,0,0,0,0
"149","Corallivory in the Anthropocene: Interactive Effects of Anthropogenic Stressors and Corallivory on Coral Reefs","Frontiers in Marine Science","10.3389/fmars.2018.00525",20.63,0,0,1,0,27,25,0,0,26,0,0,0,0
"150",NA,NA,NA,0,0,0,0,0,0,0,0,0,0,0,0,0,0
"151","Coral diseases: what is really known?","Trends in Ecology & Evolution","10.1016/s0169-5347(98)01460-8",3,1,0,0,0,2,0,0,0,1,0,0,0,0
"152","Coral Reefs","Annals of the New York Academy of Sciences","10.1111/j.1749-6632.2009.04493.x",13.35,1,0,0,1,4,2,0,0,4,0,0,0,0
"153","Augmenting coral adaptation to climate change via coral gardening (the nursery phase)","Journal of Environmental Management","10.1016/j.jenvman.2021.112727",9.316,0,0,1,0,3,2,0,0,3,0,0,0,0
"154","Towards Developing a Mechanistic Understanding of Coral Reef Resilience to Thermal Stress Across Multiple Scales","Current Climate Change Reports","10.1007/s40641-018-0087-0",47.4,0,0,1,3,26,20,0,0,26,2,0,0,0
"155",NA,NA,NA,0,0,0,0,0,0,0,0,0,0,0,0,0,0
"156","Applying model approaches in non-model systems: A review and case study on coral cell culture","PLOS ONE","10.1371/journal.pone.0248953",12.05,0,0,0,0,19,18,0,0,18,0,0,0,0
"157","A Unique Coral Community in the Mangroves of Hurricane Hole, St. John, US Virgin Islands","Diversity","10.3390/d9030029",1.75,0,0,0,0,5,3,0,0,3,0,0,0,0
"158",NA,NA,NA,0,0,0,0,0,0,0,0,0,0,0,0,0,0
"159",NA,NA,NA,0,0,0,0,0,0,0,0,0,0,0,0,0,0
"160","Hurricanes and coral reefs: The intermediate disturbance hypothesis revisited","Coral Reefs","10.1007/bf00334471",3,0,0,0,0,1,0,1,0,1,0,0,0,0
"161","Considering Commercial Vessels as Potential Vectors of Stony Coral Tissue Loss Disease","Frontiers in Marine Science","10.3389/fmars.2021.709764",1.6,0,0,0,0,4,3,0,0,4,1,0,0,0
"162","The role of microorganisms in coral bleaching","ISME Journal: Multidisciplinary Journal of Microbial Ecology","10.1038/ismej.2008.104",4,0,0,0,0,4,3,1,0,4,0,0,0,0
"163","The role of microorganisms in coral health, disease and evolution","Nature Reviews Microbiology","10.1038/nrmicro1635",56.056,0,0,3,4,16,1,7,0,16,0,1,0,0
"164","The Vibrio shiloi/Oculina patagonica Model System of Coral Bleaching","Annual Review of Microbiology","10.1146/annurev.micro.58.030603.123610",10.056,0,0,1,0,2,0,1,0,2,0,0,0,0
"165","Molecular Toxicology of Corals: A Review","Journal of Toxicology and Environmental Health, Part B","10.1080/10937404.2011.615112",0.5,0,0,0,0,1,1,0,0,1,0,0,0,0
"166","The engine of the reef: photobiology of the coralâ€“algal symbiosis","Frontiers in Microbiology","10.3389/fmicb.2014.00422",30.75,0,0,1,2,8,4,0,0,8,1,0,0,0
"167","Distribution, uses, and anthropic pressures on reef ecosystems of Mexico","Ocean & Coastal Management","10.1016/j.ocecoaman.2018.08.014",1.6,0,0,0,0,3,3,0,0,3,0,0,0,0
"168","Integrated approach to understanding the onset and pathogenesis of black band disease in corals","Environmental Microbiology","10.1111/1462-2920.13122",21.706,1,0,1,0,22,17,0,0,19,0,0,0,0
"169","What can South African reefs tell us about the future of high-latitude coral systems?","Marine Pollution Bulletin","10.1016/j.marpolbul.2018.09.014",0.25,0,0,0,0,1,1,0,0,1,0,0,0,0
"170","Bioerosion: the other ocean acidification problem","ICES Journal of Marine Science / Journal du Conseil","10.1093/icesjms/fsw254",12.872,1,0,1,0,7,4,0,1,7,0,0,0,0
"171","A map of human impacts to a “pristine” coral reef ecosystem, the Papahanaumokuakea Marine National Monument","Coral Reefs","10.1007/s00338-009-0490-z",4,1,0,0,0,3,2,0,0,3,0,0,0,0
"172","Diseases and pathogens of marine invertebrate corals in Indian reefs","Journal of Invertebrate Pathology","10.1016/j.jip.2020.107373",0.5,0,0,0,0,1,1,0,0,1,0,0,0,0
"173","Multi-Partner Interactions in Corals in the Face of Climate Change","The Biological Bulletin","10.1086/bblv223n1p66",5.272,0,0,1,0,1,0,0,0,1,0,0,0,0
"174","Diseases in coral aquaculture: causes, implications and preventions","Aquaculture","10.1016/j.aquaculture.2013.02.037",3.5,0,0,0,0,4,1,2,0,4,1,0,0,0
"175","Effects of ultraviolet radiation on corals and other coral reef organisms","Global Change Biology","10.1111/j.1365-2486.1996.tb00065.x",3.1,0,0,0,0,9,4,0,0,5,1,0,0,0
"176","Modes of coral disease transmission: how do diseases spread between individuals and among populations?","Marine Biology","10.1007/s00227-019-3490-8",6.7,0,0,0,0,11,11,0,0,11,0,0,0,0
"177",NA,NA,NA,0,0,0,0,0,0,0,0,0,0,0,0,0,0
"178","Is photoinhibition of zooxanthellae photosynthesis the primary cause of thermal bleaching in corals?","Global Change Biology","10.1111/j.1529-8817.2003.00895.x",3,0,0,0,0,2,0,2,0,2,0,0,0,0
"179","Impacts of a changing environment on marginal coral reefs in the Tropical Southwestern Atlantic","Ocean & Coastal Management","10.1016/j.ocecoaman.2021.105692",9.43,0,0,1,0,6,5,0,0,6,0,0,0,0
"180",NA,NA,NA,0,0,0,0,0,0,0,0,0,0,0,0,0,0
"181","The health and future of coral reef systems","Ocean & Coastal Management","10.1016/s0964-5691(00)00053-3",6,1,0,0,0,3,0,2,0,3,0,0,0,0
"182","Warm-water coral reefs and climate change","Science","10.1126/science.aad0349",68.63,1,0,2,4,33,22,0,1,31,1,0,0,0
"183","Dynamic Stability of Coral Reefs on the West Australian Coast","PLOS ONE","10.1371/journal.pone.0069863",7,0,0,0,1,1,0,0,0,1,0,0,0,0
"184","Coral Bleaching in the Southern Seychelles During the 1997–1998 Indian Ocean Warm Event","Marine Pollution Bulletin","10.1016/s0025-326x(00)00026-6",4,1,0,0,0,2,1,0,0,2,0,0,0,0
"185","The evolutionary history of Symbiodinium and scleractinian hosts—Symbiosis, diversity, and the effect of climate change","Perspectives in Plant Ecology, Evolution & Systematics","10.1016/j.ppees.2006.04.001",13.516,1,0,1,0,4,1,1,0,4,0,0,0,0
"186","Know Thy Anemone: A Review of Threats to Octocorals and Anemones and Opportunities for Their Restoration","Frontiers in Marine Science","10.3389/fmars.2020.00590",35.2,0,0,0,0,66,51,0,0,51,0,0,0,0
"187","Disease and immunity in Caribbean and Indo-Pacific zooxanthellate corals","Marine Ecology Progress Series","10.3354/meps266273",6,1,0,0,0,8,0,7,0,8,0,0,0,0
"188","Coral diseases in aquaria and in nature","Journal of the Marine Biological Association of the United Kingdom","10.1017/s0025315411001688",0.5,0,0,0,0,1,1,0,0,1,0,0,0,0
"189","On the Importance of the Microbiome and Pathobiome in Coral Health and Disease","Frontiers in Marine Science","10.3389/fmars.2017.00009",18.28,0,0,1,0,31,20,0,0,22,1,0,0,0
"190",NA,NA,NA,0,0,0,0,0,0,0,0,0,0,0,0,0,0
"191",NA,NA,NA,0,0,0,0,0,0,0,0,0,0,0,0,0,0
"192","Mechanisms of Thermal Tolerance in Reef-Building Corals across a Fine-Grained Environmental Mosaic: Lessons from Ofu, American Samoa","Frontiers in Marine Science","10.3389/fmars.2017.00434",20.85,0,0,0,0,42,34,0,0,34,0,0,0,0
"193","Microbes in the coral holobiont: partners through evolution, development, and ecological interactions","Frontiers in Cellular and Infection Microbiology","10.3389/fcimb.2014.00176",27.9,0,0,0,0,58,41,5,0,48,1,0,0,1
"194","Viruses of reef-building scleractinian corals","Journal of Experimental Marine Biology & Ecology","10.1016/j.jembe.2011.07.030",1.5,0,0,0,0,2,2,0,0,2,0,0,0,0
"195","Virus–host interactions and their roles in coral reef health and disease","Nature Reviews Microbiology","10.1038/nrmicro.2016.176",79.01,0,0,2,0,129,111,0,0,125,12,0,0,0
"196",NA,NA,NA,0,0,0,0,0,0,0,0,0,0,0,0,0,0
"197",NA,NA,NA,0,0,0,0,0,0,0,0,0,0,0,0,0,0
"198","What Is Currently Known About the Effects of Climate Change on the Coral Immune Response","Current Climate Change Reports","10.1007/s40641-017-0077-7",17.522,0,0,2,0,5,2,0,0,5,1,0,0,0
"199","How does sediment exposure affect corals? A systematic review protocol","Environmental Evidence","10.1186/s13750-020-00200-0",7.95,0,0,0,0,17,14,0,0,14,0,0,0,0
"200","Host-microbe interactions in octocoral holobionts - recent advances and perspectives","Microbiome","10.1186/s40168-018-0431-6",17.13,0,0,1,0,21,19,0,0,20,0,0,0,0
"201","Coral evolutionary responses to microbial symbioses","Philosophical Transactions of the Royal Society B: Biological Sciences","10.1098/rstb.2019.0591",11.15,0,0,0,0,21,19,0,0,19,0,0,0,0
"202","Building coral reef resilience through assisted evolution","Proceedings of the National Academy of Sciences of the United States of America","10.1073/pnas.1422301112",1234.892,5,0,9,145,235,38,3,1,214,11,0,0,2
"203","Coral-virus interactions: A double-edged sword?","Symbiosis","10.1007/bf03179964",5.016,0,0,1,0,1,0,0,0,1,0,0,0,0
"204","Six priorities to advance the science and practice of coral reef restoration worldwide","Restoration Ecology","10.1111/rec.13498",10,0,0,0,0,13,12,0,0,13,1,0,0,0
"205","Ocean Acidification and Coral Reefs: An Emerging Big Picture","Diversity","10.3390/d3020262",2,0,0,0,0,2,2,0,0,2,0,0,0,0
"206","Extending the natural adaptive capacity of coral holobionts","Nature Reviews Earth & Environment","10.1038/s43017-021-00214-3",245.98,0,0,4,13,333,183,0,1,202,1,0,0,0
"207",NA,NA,NA,0,0,0,0,0,0,0,0,0,0,0,0,0,0
"208","Sewage pollution: mitigation is key for coral reef stewardship","Annals of the New York Academy of Sciences","10.1111/nyas.12785",59.432,1,0,1,5,30,17,1,0,27,2,0,0,0
"209","Cell Biology of Coral Symbiosis: Foundational Study Can Inform Solutions to the Coral Reef Crisis","Integrative & Comparative Biology","10.1093/icb/icz067",43.3,0,0,0,0,82,71,0,0,71,0,0,0,0
"210","Climate change impedes scleractinian corals as primary reef ecosystem engineers","Marine & Freshwater Research","10.1071/mf10254",3,0,0,0,0,1,0,1,0,1,0,0,0,0
"211","Global and local threats to coral reef functioning and existence: review and predictions","Marine & Freshwater Research","10.1071/mf99121",32.368,0,0,3,1,5,1,0,0,5,0,0,0,0
"212","Can Herbivore Management Increase the Persistence of Indo-Pacific Coral Reefs?","Frontiers in Marine Science","10.3389/fmars.2019.00557",3.6,0,0,0,0,8,7,0,0,7,0,0,0,0
"213","A hypothesis linking sub-optimal seawater &lt;I&gt;p&lt;/I&gt;CO&lt;sub&gt;2&lt;/sub&gt; conditions for cnidarian-&lt;I&gt;Symbiodinium&lt;/I&gt; symbioses with the exceedence of the interglacial threshold (&gt;260 ppmv)","Biogeosciences","10.5194/bg-9-1709-2012",5.272,0,0,1,0,1,0,0,0,1,0,0,0,0
"214","Is the coral-algae symbiosis really ‘mutually beneficial’ for the partners?","BioEssays","10.1002/bies.200900182",4,0,0,0,0,2,1,1,0,2,0,0,0,0
"215","To Understand Coral Disease, Look at Coral Cells","EcoHealth","10.1007/s10393-014-0931-1",0.5,0,0,0,0,1,1,0,0,1,0,0,0,0
"216","Coral reef restoration projects in Thailand","Ocean & Coastal Management","10.1016/j.ocecoaman.2006.06.002",3,0,0,0,0,1,0,1,0,1,0,0,0,0
"217",NA,NA,NA,0,0,0,0,0,0,0,0,0,0,0,0,0,0
"218","Impacts of nitrogen pollution on corals in the context of global climate change and potential strategies to conserve coral reefs","Science of the Total Environment","10.1016/j.scitotenv.2021.145017",2,0,0,0,0,4,2,0,0,2,0,0,0,0
"219",NA,NA,NA,0,0,0,0,0,0,0,0,0,0,0,0,0,0
"220",NA,NA,NA,0,0,0,0,0,0,0,0,0,0,0,0,0,0
"221","The indirect effects of ocean acidification on corals and coral communities","Coral Reefs","10.1007/s00338-022-02286-z",13.43,0,0,1,0,13,12,0,0,13,0,0,0,0
"222","Stability of coral reef islands and associated legal maritime zones in a changing ocean","Environmental Research Letters (ERL)","10.1088/1748-9326/ac8a60",290.38,0,0,1,37,51,12,0,0,50,0,0,0,0
"223","Life on the edge: Hawaiian model for coral evolution","Limnology & Oceanography","10.1002/lno.12181",8.25,0,0,0,0,13,12,0,0,12,0,0,0,0
"224","A critical evaluation of benthic phase shift studies on coral reefs","Marine Environmental Research","10.1016/j.marenvres.2022.105667",29.3,0,0,1,0,38,31,0,0,33,0,0,1,0
"225",NA,NA,NA,0,0,0,0,0,0,0,0,0,0,0,0,0,0
"226","Coral reef restoration in Indonesia: A review of policies and projects","Marine Policy","10.1016/j.marpol.2021.104940",44.6,0,0,0,4,25,15,1,0,20,0,0,0,0
"227","Coral reef benthic community changes in the Anthropocene: Biogeographic heterogeneity, overlooked configurations, and methodology","Global Change Biology","10.1111/gcb.16034",16.95,0,0,1,0,11,9,0,0,11,1,0,0,0
"228",NA,NA,NA,0,0,0,0,0,0,0,0,0,0,0,0,0,0
"229","Global coral reef ecosystems exhibit declining calcification and increasing primary productivity","Communications Earth & Environment","10.1038/s43247-021-00168-w",202.04,0,0,6,12,143,111,0,0,130,1,0,0,0
"230","Evidence on the impacts of chemicals arising from human activity on tropical reef-building corals; a systematic map","Environmental Evidence","10.1186/s13750-021-00237-9",2.35,0,0,0,0,4,4,0,0,4,0,0,0,0
"231","Extending the natural adaptive capacity of coral holobionts","Nature Reviews Earth & Environment","10.1038/s43017-021-00214-3",245.98,0,0,4,13,333,183,0,1,202,1,0,0,0
"232","Active Ecological Restoration of Cold-Water Corals: Techniques, Challenges, Costs and Future Directions","Frontiers in Marine Science","10.3389/fmars.2021.621151",15.53,0,0,1,0,19,17,0,0,18,0,0,0,0
"233","Investigating the exposure and impact of chemical UV filters on coral reef ecosystems: Review and research gap prioritization","Integrated Environmental Assessment & Management","10.1002/ieam.4411",124.79,0,0,3,13,41,13,1,0,30,0,0,0,0
"234","Missing the Reef for the Corals: Unexpected Trends Between Coral Reef Condition and the Environment at the Ecosystem Scale","Frontiers in Marine Science","10.3389/fmars.2021.727038",11.75,0,0,0,1,6,5,0,0,6,0,0,0,0
"235","Turbid Coral Reefs: Past, Present and Future—A Review","Diversity","10.3390/d13060251",10.1,0,0,0,0,19,15,0,0,15,0,0,0,0
"236","Synergies between local and climate-driven impacts on coral reefs in the Tropical Pacific: A review of issues and adaptation opportunities","Marine Pollution Bulletin","10.1016/j.marpolbul.2020.111922",0.5,0,0,0,0,1,1,0,0,1,0,0,0,0
"237","Substrate stabilisation and small structures in coral restoration: State of knowledge, and considerations for management and implementation","PLOS ONE","10.1371/journal.pone.0240846",21.45,1,0,0,0,36,30,0,0,31,0,0,0,0
"238","Conceptualization of the Holobiont Paradigm as It Pertains to Corals","Frontiers in Physiology","10.3389/fphys.2020.566968",0.5,0,0,0,0,2,2,0,0,2,0,0,0,0
"239","Trophic interactions in coral reef restoration: A review","Food Webs","10.1016/j.fooweb.2020.e00149",3.85,0,0,0,0,14,8,0,0,8,0,0,0,0
"240","Meta-analysis of the coral environmental stress response: Acropora corals show opposing responses depending on stress intensity","Molecular Ecology","10.1111/mec.15535",29.15,0,0,0,0,52,46,0,0,46,0,0,0,0
"241","The longest delay: Re-emergence of coral reef ecosystems after the Late Devonian extinctions","Earth-Science Reviews","10.1016/j.earscirev.2019.103060",8.55,0,0,0,0,18,7,1,0,8,0,0,0,0
"242","A review of symbiotic gorgonian research in the western Atlantic and Caribbean with recommendations for future work","Coral Reefs","10.1007/s00338-020-01891-0",1.25,0,0,0,0,3,3,0,0,3,0,0,0,0
"243","Sexual production of corals for reef restoration in the Anthropocene","Marine Ecology Progress Series","10.3354/meps13206",9.5,0,0,0,0,16,14,0,0,15,1,0,0,0
"244","Assessing opportunities to support coral reef climate change refugia in MPAs: A case study at the Revillagigedo Archipelago","Marine Policy","10.1016/j.marpol.2019.103769",24.8,0,0,0,0,44,32,0,1,34,1,0,0,0
"245","Coral restoration – A systematic review of current methods, successes, failures and future directions","PLOS ONE","10.1371/journal.pone.0226631",253.24,0,0,4,11,251,209,1,0,229,2,1,1,0
"246","Neural Network Recognition of Marine Benthos and Corals","Diversity","10.3390/d12010029",3.1,0,0,0,0,17,6,0,0,6,0,0,0,0
"247","Emerging Technologies and Coral Reef Conservation: Opportunities, Challenges, and Moving Forward","Frontiers in Marine Science","10.3389/fmars.2019.00727",81.88,0,0,1,7,53,37,0,0,45,0,0,0,0
"248","Coral microbiome dynamics, functions and design in a changing world","Nature Reviews Microbiology","10.1038/s41579-019-0223-4",133.14,0,0,3,7,132,106,0,0,122,6,0,0,0
"249","Motivations, success, and cost of coral reef restoration","Restoration Ecology","10.1111/rec.12977",145.896,2,0,2,14,47,29,0,0,47,0,0,0,0
"250","Coral restoration research and technical developments: what we have learned so far","Marine Biology Research","10.1080/17451000.2019.1662050",6.816,0,0,1,0,1,0,0,0,1,0,0,0,0
"251","Adapting to extreme environments: can coral reefs adapt to climate change?","Emerging Topics in Life Sciences","10.1042/etls20180088",1.5,0,0,0,0,2,2,0,0,2,0,0,0,0
"252","Comparing biodiversity valuation approaches for the sustainable management of the Great Barrier Reef, Australia","Ecosystem Services","10.1016/j.ecoser.2018.11.003",4,0,1,0,0,2,1,0,0,2,0,0,0,0
"253",NA,NA,NA,0,0,0,0,0,0,0,0,0,0,0,0,0,0
"254","The Tara Pacific expedition—A pan-ecosystemic approach of the “-omics” complexity of coral reef holobionts across the Pacific Ocean","PLoS Biology","10.1371/journal.pbio.3000483",30.3,0,0,0,0,65,51,0,0,51,0,0,0,0
"255","The first Hawai‘i workshop for coral restoration & nurseries","Marine Policy","10.1016/j.marpol.2018.08.009",1.1,0,0,0,0,2,2,0,0,2,0,0,0,0
"256","Rehabilitation of coral reefs through removal of macroalgae: state of knowledge and considerations for management and implementation","Restoration Ecology","10.1111/rec.12852",38.55,0,0,0,0,72,63,0,0,65,2,0,0,0
"257","Decline in symbiont densities of tropical and subtropical scleractinian corals under ocean acidification","Coral Reefs","10.1007/s00338-018-1720-z",18.572,0,0,1,0,23,18,0,0,19,0,0,0,0
"258","Critical Information Gaps Impeding Understanding of the Role of Larval Connectivity Among Coral Reef Islands in an Era of Global Change","Frontiers in Marine Science","10.3389/fmars.2018.00290",9.7,0,0,0,0,17,17,0,0,17,0,0,0,0
"259","Ecosystem-based management of coral reefs under climate change","Ecology and Evolution","10.1002/ece3.4146",19.3,0,0,0,0,33,31,0,0,31,0,0,0,0
"260","Management strategies for coral reefs and people under global environmental change: 25 years of scientific research","Journal of Environmental Management","10.1016/j.jenvman.2017.12.051",13.43,1,0,1,0,6,4,0,0,6,0,0,0,0
"261","Modeling alternative stable states in Caribbean coral reefs","Natural Resource Modeling","10.1111/nrm.12157",5.522,0,0,1,0,2,0,0,0,2,1,0,0,0
"262","The Role of Natural Variability in Shaping the Response of Coral Reef Organisms to Climate Change","Current Climate Change Reports","10.1007/s40641-017-0082-x",53.038,0,0,3,3,27,14,0,0,24,3,0,0,1
"263",NA,NA,NA,0,0,0,0,0,0,0,0,0,0,0,0,0,0
"264","The need for broader ecological and socioeconomic tools to evaluate the effectiveness of coral restoration programs","Restoration Ecology","10.1111/rec.12580",39.95,0,0,0,0,70,65,0,0,70,5,0,0,0
"265",NA,NA,NA,0,0,0,0,0,0,0,0,0,0,0,0,0,0
"266","Coral propagation: a review of techniques for ornamental trade and reef restoration","Reviews in Aquaculture","10.1111/raq.12135",3,1,0,0,0,1,0,0,0,1,0,0,0,0
"267","Microbial processes driving coral reef organic carbon flow","FEMS Microbiology Reviews","10.1093/femsre/fux018",11.38,0,0,1,0,8,7,0,0,8,0,0,0,0
"268","Diazotrophs: Overlooked Key Players within the Coral Symbiosis and Tropical Reef Ecosystems?","Frontiers in Marine Science","10.3389/fmars.2017.00010",6.45,0,0,0,0,15,13,0,0,13,0,0,0,0
"269",NA,NA,NA,0,0,0,0,0,0,0,0,0,0,0,0,0,0
"270","Gene expression biomarkers of heat stress in scleractinian corals: Promises and limitations","Comparative Biochemistry & Physiology Part C: Toxicology & Pharmacology","10.1016/j.cbpc.2016.08.007",2,0,0,0,0,4,4,0,0,4,0,0,0,0
"271","Ecological limitations to the resilience of coral reefs","Coral Reefs","10.1007/s00338-016-1479-z",8.3,0,0,0,0,16,15,0,0,15,0,0,0,0
"272","Ocean acidification: Linking science to management solutions using the Great Barrier Reef as a case study","Journal of Environmental Management","10.1016/j.jenvman.2016.07.038",17.122,1,0,1,0,29,12,0,0,15,1,0,0,0
"273","Nutrient variations and isotopic evidences of particulate organic matter provenance in fringing reefs, South China","Science of the Total Environment","10.1016/j.scitotenv.2016.05.112",5.272,0,0,1,0,1,0,0,0,1,0,0,0,0
"274",NA,NA,NA,0,0,0,0,0,0,0,0,0,0,0,0,0,0
"275","Ecological solutions to reef degradation: optimizing coral reef restoration in the Caribbean and Western Atlantic","PeerJ","10.7717/peerj.2597",13.6,1,0,0,0,13,8,3,0,13,1,0,0,0
"276","Remote Sensing of Coral Reefs for Monitoring and Management: A Review","Remote Sensing","10.3390/rs8020118",28.272,0,0,1,0,36,33,0,0,35,1,0,0,0
"277","How models can support ecosystem-based management of coral reefs","Progress in Oceanography","10.1016/j.pocean.2014.12.017",2.25,0,0,0,0,8,4,0,0,5,1,0,0,0
"278","Effects of increased mortality on gorgonian corals (Cnidaria, Octocorallia): different demographic features may lead affected populations to unexpected recovery and new equilibrium points","Hydrobiologia","10.1007/s10750-015-2241-1",3,1,0,0,0,1,0,0,0,1,0,0,0,0
"279",NA,NA,NA,0,0,0,0,0,0,0,0,0,0,0,0,0,0
"280","Anticipative management for coral reef ecosystem services in the 21st century","Global Change Biology","10.1111/gcb.12725",27.294,1,0,2,0,23,20,0,0,23,0,0,0,0
"281",NA,NA,NA,0,0,0,0,0,0,0,0,0,0,0,0,0,0
"282","Scientific frontiers in the management of coral reefs","Frontiers in Marine Science","10.3389/fmars.2015.00050",6.6,0,0,0,0,15,11,0,0,12,1,0,0,0
"283","Informing policy to protect coastal coral reefs: Insight from a global review of reducing agricultural pollution to coastal ecosystems","Marine Pollution Bulletin","10.1016/j.marpolbul.2014.06.003",25.572,0,0,1,2,4,1,0,0,4,0,0,0,0
"284","Cold-water corals in a changing ocean","Current Opinion in Environmental Sustainability","10.1016/j.cosust.2014.01.004",19.852,1,0,2,0,10,2,5,0,10,0,0,0,0
"285",NA,NA,NA,0,0,0,0,0,0,0,0,0,0,0,0,0,0
"286","Conserving potential coral reef refuges at high latitudes","Diversity & Distributions","10.1111/ddi.12140",12.788,0,0,2,0,3,1,0,0,3,0,0,0,0
"287",NA,NA,NA,0,0,0,0,0,0,0,0,0,0,0,0,0,0
"288","The Wicked Problem of China's Disappearing Coral Reefs","Conservation Biology","10.1111/j.1523-1739.2012.01957.x",44.316,1,0,2,0,59,42,2,0,52,5,0,0,0
"289","A Review of Reef Restoration and Coral Propagation Using the Threatened Genus Acropora in the Caribbean and Western Atlantic","Bulletin of Marine Science","10.5343/bms.2011.1143",8.25,0,0,0,1,2,0,0,0,2,1,0,0,0
"290","Coral reefs of the turbid inner-shelf of the Great Barrier Reef, Australia: An environmental and geomorphic perspective on their occurrence, composition and growth","Earth-Science Reviews","10.1016/j.earscirev.2012.06.006",5.272,0,0,1,0,1,0,0,0,1,0,0,0,0
"291","Transmission Mode Predicts Specificity and Interaction Patterns in Coral-Symbiodinium Networks","PLOS ONE","10.1371/journal.pone.0044970",1.85,0,0,0,0,2,2,0,0,2,0,0,0,0
"292","Global disparity in the resilience of coral reefs","Trends in Ecology & Evolution","10.1016/j.tree.2012.04.007",8.5,0,0,0,0,10,7,1,0,9,0,1,0,0
"293","Terrestrial pollutant runoff to the Great Barrier Reef: An update of issues, priorities and management responses","Marine Pollution Bulletin","10.1016/j.marpolbul.2011.12.012",26.08,2,0,1,2,12,0,0,0,5,0,0,0,0
"294",NA,NA,NA,0,0,0,0,0,0,0,0,0,0,0,0,0,0
"295",NA,NA,NA,0,0,0,0,0,0,0,0,0,0,0,0,0,0
"296",NA,NA,NA,0,0,0,0,0,0,0,0,0,0,0,0,0,0
"297","Global mismatch between research effort and conservation needs of tropical coral reefs","Conservation Letters","10.1111/j.1755-263x.2010.00146.x",42.5,1,0,0,5,8,2,0,0,8,0,0,0,0
"298","Rising to the challenge of sustaining coral reef resilience","Trends in Ecology & Evolution","10.1016/j.tree.2010.07.011",41.748,1,0,3,1,19,8,2,0,15,0,0,0,0
"299","The future of coral reefs: a microbial perspective","Trends in Ecology & Evolution","10.1016/j.tree.2009.11.001",9,0,0,1,0,1,0,0,0,1,0,0,0,0
"300","Geologic and Biologic Controls on the Evolution of Reefs","Annual Review of Ecology, Evolution & Systematics","10.1146/annurev.ecolsys.110308.120251",3,0,0,0,0,1,0,1,0,1,0,0,0,0
"301","Ecology of mesophotic coral reefs","Journal of Experimental Marine Biology & Ecology","10.1016/j.jembe.2009.05.009",14.024,2,0,1,0,7,0,3,0,6,0,0,0,0
"302","Alternative states on coral reefs: beyond coral–macroalgal phase shifts","Marine Ecology Progress Series","10.3354/meps07815",8.516,0,0,1,0,4,3,0,0,4,0,0,0,0
"303","Capturing the cornerstones of coral reef resilience: linking theory to practice","Coral Reefs","10.1007/s00338-008-0426-z",11.016,2,0,1,0,3,0,0,0,3,0,0,0,0
"304","Coral reef management and conservation in light of rapidly evolving ecological paradigms","Trends in Ecology & Evolution","10.1016/j.tree.2008.06.011",22.466,2,0,1,1,8,4,0,0,8,0,0,0,0
"305","Impact of coral predators on tropical reefs","Marine Ecology Progress Series","10.3354/meps07531",13,0,0,0,1,5,1,2,0,4,0,0,0,0
"306",NA,NA,NA,0,0,0,0,0,0,0,0,0,0,0,0,0,0
"307","A restoration genetics guide for coral reef conservation","Molecular Ecology","10.1111/j.1365-294x.2008.03787.x",3,0,0,0,0,1,0,1,0,1,0,0,0,0
"308",NA,NA,NA,0,0,0,0,0,0,0,0,0,0,0,0,0,0
"309","Coral Reefs Under Rapid Climate Change and Ocean Acidification","Science","10.1126/science.1152509",377.746,21,0,20,16,205,68,25,1,157,3,1,0,2
"310","The Role of Hybridization in the Evolution of Reef Corals","Annual Review of Ecology, Evolution & Systematics","10.1146/annurev.ecolsys.37.091305.110136",10.516,1,0,1,0,3,1,0,0,3,0,0,0,0
"311","Conservation genetics and the resilience of reef-building corals","Molecular Ecology","10.1111/j.1365-294x.2006.03026.x",8.016,0,0,1,0,2,0,1,0,2,0,0,0,0
"312","Complexities of Coral Reef Recovery","Science","10.1126/science.1122951",5.016,0,0,1,0,1,0,0,0,1,0,0,0,0
"313",NA,NA,NA,0,0,0,0,0,0,0,0,0,0,0,0,0,0
"314",NA,NA,NA,0,0,0,0,0,0,0,0,0,0,0,0,0,0
"315",NA,NA,NA,0,0,0,0,0,0,0,0,0,0,0,0,0,0
"316",NA,NA,NA,0,0,0,0,0,0,0,0,0,0,0,0,0,0
"317","Conservation of Coral Reefs through Active Restoration Measures: Recent Approaches and Last Decade Progress","Environmental Science & Technology","10.1021/es0482583",5.232,0,0,1,0,1,0,0,0,1,0,0,0,0
"318","Measuring coral reef decline through meta-analyses","Philosophical Transactions of the Royal Society B: Biological Sciences","10.1098/rstb.2004.1591",1,0,0,0,0,1,1,0,0,1,0,0,0,0
"319","Effects of terrestrial runoff on the ecology of corals and coral reefs: review and synthesis","Marine Pollution Bulletin","10.1016/j.marpolbul.2004.11.028",37.946,3,0,2,2,13,2,0,0,9,0,0,0,0
"320","HURRICANES AND CARIBBEAN CORAL REEFS: IMPACTS, RECOVERY PATTERNS, AND ROLE IN LONG-TERM DECLINE","Ecology","10.1890/04-0141",16,5,0,0,0,6,1,0,0,6,0,0,0,0
"321","Deep-sea corals: out of sight, but no longer out of mind","Frontiers in Ecology & the Environment","10.1890/1540-9295(2004)002[0123:dcoosb]2.0.co;2",30.08,0,0,1,3,5,0,1,0,5,0,0,0,0
"322","Long-Term Region-Wide Declines in Caribbean Corals","Science","10.1126/science.1086050",215.708,8,0,8,17,48,5,2,0,41,1,0,0,0
"323",NA,NA,NA,0,0,0,0,0,0,0,0,0,0,0,0,0,0
"324","DETECTING REGIONAL VARIATION USING META-ANALYSIS AND LARGE-SCALE SAMPLING: LATITUDINAL PATTERNS IN RECRUITMENT","Ecology","10.1890/0012-9658(2002)083[0436:drvuma]2.0.co;2",5.016,0,0,1,0,1,0,0,0,1,0,0,0,0
"325",NA,NA,NA,0,0,0,0,0,0,0,0,0,0,0,0,0,0
"326","Competition between corals and algae on coral reefs: a review of evidence and mechanisms","Coral Reefs","10.1007/s003380000129",3.25,0,0,0,0,3,0,2,0,3,1,0,0,0
"327",NA,NA,NA,0,0,0,0,0,0,0,0,0,0,0,0,0,0
"328","Ecological goods and services of coral reef ecosystems","Ecological Economics","10.1016/s0921-8009(99)00009-9",56.264,9,0,2,2,20,0,5,0,18,0,0,0,0
"329","Multiple stressors on coral reefs: A long -term perspective","Limnology & Oceanography","10.4319/lo.1999.44.3_part_2.0932",18.5,1,0,0,0,30,28,0,0,29,0,0,0,0
"330","Macroalgae, nutrients and phase shifts on coral reefs: scientific issues and management consequences for the Great Barrier Reef","Coral Reefs","10.1007/s003380050213",6.5,0,0,0,0,19,0,3,0,17,14,0,0,0
"331",NA,NA,NA,0,0,0,0,0,0,0,0,0,0,0,0,0,0
"332","Coral Reefs of Sri Lanka: Review of Their Extent, Condition, and Management Status","Coastal Management","10.1080/08920759509362257",15,0,0,0,2,2,0,0,0,2,0,0,0,0
"333",NA,NA,NA,0,0,0,0,0,0,0,0,0,0,0,0,0,0
"334","Phase shifts in coral reef communities and their ecological significance","Hydrobiologia","10.1007/bf00008211",16,2,0,0,1,3,0,0,0,3,0,0,0,0
"335","The effects of oil spills and dispersant use on corals","Oil & Petrochemical Pollution","10.1016/s0143-7127(83)90134-5",3,1,0,0,0,2,0,0,0,1,0,0,0,0
